Fiscal Period,200903,200906,200909,200912,201003,201006,201009,201012,201103,201106,201109,201112,201203,201206,201209,201212,201303,201306,201309,201312,201403,201406,201409,201412,201503,201506,201509,201512,201603,201606,201609,201612,201703,201706,201709,201712,201803,201806,201809
Revenue per Share,1.533,1.462,1.438,2.125,1.634,1.814,1.863,2.328,1.93,2.032,2.046,2.467,2.048,2.12,1.885,2.541,2.431,2.351,2.197,2.921,2.439,2.796,2.778,3.19,2.638,2.726,2.521,2.956,2.571,3.336,2.784,3.298,2.971,3.279,3.146,3.751,3.441,3.866,3.745
EBITDA per Share,0.573,0.465,0.607,1.065,0.684,0.767,0.917,1.077,0.755,0.944,0.957,1.065,0.85,0.147,0.746,1.052,1.04,0.856,0.887,1.105,1.002,1.015,0.896,1.149,1.008,-0.124,0.893,0.957,0.887,1.449,1.153,1.368,1.3,1.403,1.43,1.609,1.545,1.782,1.768
EBIT per Share,0.498,0.389,0.535,0.997,0.606,0.685,0.837,1,0.671,0.863,0.872,0.985,0.76,0.053,0.663,0.933,0.915,0.74,0.774,0.954,0.852,0.807,0.725,0.966,0.824,-0.307,0.713,0.766,0.673,1.208,0.922,1.091,0.986,1.103,1.11,1.28,1.197,1.459,1.403
Earnings per Share (Diluted),0.33,0.34,0.4,0.74,0.45,0.51,0.62,0.77,0.61,0.68,0.68,0.78,0.6,-0.06,0.53,0.76,0.72,0.59,0.62,0.78,0.68,0.55,0.54,0.71,0.61,-0.38,0.61,0.62,0.47,0.86,0.72,0.8,0.7,1.03,0.84,-0.82,0.95,1.14,1.14
EPS without NRI,0.33,0.34,0.4,0.74,0.45,0.51,0.62,0.77,0.61,0.68,0.68,0.78,0.6,-0.06,0.53,0.76,0.72,0.59,0.62,0.78,0.68,0.55,0.54,0.71,0.61,-0.38,0.61,0.62,0.47,0.86,0.72,0.8,0.7,1.03,0.84,-0.82,0.95,1.14,1.14
Owner Earnings per Share (TTM),1.748,1.759,1.805,1.946,2.118,2.227,2.647,2.39,2.559,2.418,2.535,2.738,2.766,2.171,2.064,1.843,2.074,2.579,2.734,2.814,2.629,2.981,3.067,3.153,3.218,2.03,1.808,1.665,1.476,2.947,3.422,3.798,3.993,3.741,3.813,4.006,4.055,3.822,3.954
Free Cash Flow per Share,0.608,0.332,0.631,0.513,0.787,0.548,0.878,0.431,0.942,0.62,0.949,0.634,1.041,0.828,0.928,0.456,1.036,0.485,0.827,0.319,1.065,1.011,0.847,0.343,0.997,0.623,0.93,0.446,1.009,0.733,1.192,0.55,1.147,1.117,1.322,0.686,1.183,0.956,1.295
Operating Cash Flow per Share,0.679,0.429,0.68,0.555,0.833,0.634,0.942,0.488,1.019,0.695,1,0.692,1.129,0.901,0.999,0.566,1.147,0.697,0.973,0.526,1.207,1.17,1,0.523,1.166,0.842,1.098,0.698,1.298,1.067,1.466,0.804,1.364,1.409,1.595,1.021,1.559,1.467,1.759
Dividends per Share,0.13,0.13,0.13,0.13,0.13,0.13,0.13,0.16,0.16,0.16,0.16,0.2,0.2,0.2,0.2,0.23,0.23,0.23,0.23,0.28,0.28,0.28,0.28,0.31,0.31,0.31,0.31,0.36,0.36,0.36,0.36,0.39,0.39,0.39,0.39,0.42,0.42,0.42,0.42
Book Value per Share,4.151,4.441,4.631,5.026,5.217,5.327,5.483,5.769,6.34,6.815,7.062,7.65,8.174,7.918,8.173,8.667,9.185,9.479,9.782,10.253,10.584,10.897,10.923,11.18,11.11,9.977,9.698,9.688,9.505,9.221,9.041,8.902,9.029,11.379,11.612,10.17,10.304,10.775,11.194
Tangible Book per Share,2.543,2.84,3.031,3.469,3.648,3.764,3.9,4.164,4.751,5.224,5.449,4.995,5.501,5.935,6.049,6.509,7.039,7.349,7.667,8.13,8.447,7.607,7.68,7.633,7.573,7.264,6.957,6.905,6.658,6.454,6.288,3.012,3.174,5.512,5.785,4.409,4.566,5.078,5.538
Total Debt per Share,0.225,0.645,0.674,0.68,0.684,0.685,1.246,1.151,1.413,1.423,1.418,1.424,1.421,1.425,1.419,1.694,1.7,1.873,1.909,2.768,2.746,2.749,2.873,3.445,3.928,4.397,4.829,5.606,5.895,6.847,9.595,10.992,10.878,11.182,11.072,11.585,10.033,9.931,9.926
Month End Stock Price,18.37,23.77,25.72,30.48,29.29,23.01,24.49,27.91,25.39,26,24.89,25.96,32.26,30.59,29.76,26.71,28.61,34.55,33.28,37.41,40.99,41.7,46.36,46.45,40.66,44.15,44.26,55.48,55.23,51.17,57.6,62.14,65.86,68.93,73.87,85.54,91.27,98.61,114.37
ROE %,33.35,31.84,35.4,62.34,35.61,39.34,46.48,55.62,41.06,42.51,39.41,42.9,30.78,-2.92,26.43,36.08,32.45,25.52,26.12,31.46,26.25,20.82,20.18,25.76,21.91,-15.02,24.89,26.03,19.82,37.4,31.84,36.02,31.68,41,29.66,-30.01,37.69,43.83,41.85
ROE % Adjusted to Book Value,7.53,5.95,6.38,10.29,6.35,9.11,10.4,11.49,10.27,11.13,11.2,12.65,7.79,-0.76,7.26,11.71,10.43,7.01,7.68,8.62,6.78,5.44,4.76,6.21,5.99,-3.39,5.46,4.54,3.41,6.74,5,5.16,4.35,6.77,4.66,-3.57,4.25,4.79,4.09
ROA %,17.69,16.6,17.93,32.56,19.19,21.13,24.36,28.87,21.8,22.55,21.24,24.12,17.75,-1.64,14.69,20.36,18.43,14.36,14.73,17.73,14.62,11.23,10.62,13.61,11.34,-7.28,11.29,11.37,8.3,14.63,11.17,11.47,9.76,13.58,10.53,-9.98,11.84,14.07,13.67
ROC (Joel Greenblatt) %,251.66,190.24,255.36,478.53,291.27,323.21,377.9,440.28,289.65,365.8,365.54,415.58,318.23,22.07,271.31,370,344.63,261.11,251.42,286.93,244.48,217.77,184.66,238.84,193.95,-68.69,154.8,159.92,131.85,217.81,154.64,168.32,142.18,150.79,142.65,154.43,137.66,158.25,143.14
ROIC %,88.88,85.4,110.51,207.14,118.38,130.02,148.12,168.11,123.49,145.93,150.12,134.49,90.2,-192.67,116.52,156.54,139.15,115.72,120.47,129.33,99.09,76.6,83.67,87.7,73.47,204.66,116.06,117.28,92.12,215.2,219.15,126.26,70.83,94.39,65.47,-77.61,116.4,139.88,133.48
WACC %,9,9.86,9.1,9.55,9.39,8.88,8.49,9.17,8.91,8.84,7.65,7.39,7.96,7.66,7.98,8.31,8.39,8.34,7.06,6.98,6.55,6.49,6.37,6.24,6.94,6.84,6.77,7.95,7.75,7.38,9.32,9.69,9.91,9.86,10.12,10.33,9.57,9.51,10.18
Effective Interest Rate on Debt %,0,3.93,2.59,2.54,2.54,2.48,2.17,2.83,0,0,3.15,3.19,3.18,3.22,3.18,3.21,3.07,3.22,2.99,2.78,3.07,2.98,2.78,2.49,0,0,2.7,2.98,2.99,2.76,2.73,2.61,2.88,3.08,3.13,3.2,3.32,3.5,3.54
Gross Margin %,79.38,80.26,78,80.93,81,80.24,80.62,75.78,76.28,78.65,78.26,73,77.3,76.95,73.96,73.47,76.64,71.16,72.23,66.06,70.7,67.36,64.34,61.71,67.04,66.33,64.64,58.51,62.39,69.83,64.23,61.66,65.28,66.98,66.26,61.74,65.44,67.62,65.94
Operating Margin %,32.52,30.44,34.69,44.75,35.67,36.97,43.94,40.92,34.75,35.53,41.46,38.28,36.62,35.36,33.16,36.22,37.15,30.52,34.18,32.5,34.18,28.27,30.1,30.29,31.22,28.79,28.43,25.32,25.73,38.14,30.62,30.61,28.96,31.2,31.41,30.01,30.92,34.5,34.23
Net Margin %,21.81,23.25,27.66,35.02,27.62,28.17,33.41,33.25,31.85,33.82,33.03,31.72,29.34,-2.72,27.9,29.72,29.55,24.95,28.3,26.75,27.74,19.72,19.57,22.15,22.94,-14.4,24.05,21.09,18.29,25.95,25.84,24.27,23.63,31.51,26.8,-21.79,27.68,29.49,30.34
FCF Margin %,39.65,22.7,43.9,24.15,48.16,30.21,47.11,18.52,48.78,30.52,46.38,25.68,50.81,39.07,49.23,17.94,42.64,20.65,37.64,10.93,43.66,36.16,30.48,10.77,37.78,22.85,36.9,15.1,39.25,21.96,42.8,16.67,38.62,34.06,42.01,18.29,34.37,24.72,34.57
Debt-to-Equity,0.054,0.145,0.145,0.135,0.131,0.129,0.227,0.199,0.223,0.209,0.201,0.186,0.174,0.18,0.174,0.195,0.185,0.198,0.195,0.27,0.259,0.252,0.263,0.308,0.354,0.441,0.498,0.579,0.62,0.743,1.061,1.235,1.205,0.983,0.953,1.139,0.974,0.922,0.887
Equity-to-Asset,0.537,0.508,0.505,0.539,0.538,0.536,0.513,0.525,0.536,0.525,0.553,0.571,0.582,0.547,0.565,0.564,0.572,0.554,0.574,0.554,0.56,0.521,0.531,0.525,0.51,0.459,0.448,0.426,0.411,0.372,0.331,0.306,0.31,0.35,0.36,0.306,0.323,0.32,0.334
Debt-to-Asset,0.029,0.074,0.073,0.073,0.071,0.069,0.117,0.105,0.119,0.11,0.111,0.106,0.101,0.098,0.098,0.11,0.106,0.11,0.112,0.15,0.145,0.131,0.14,0.162,0.18,0.202,0.223,0.247,0.255,0.276,0.351,0.378,0.373,0.344,0.343,0.349,0.314,0.295,0.296
Gross-Profit-to-Asset %,64.37,57.31,50.55,75.23,56.28,60.2,58.79,65.79,52.2,52.43,50.32,55.53,46.75,46.46,38.96,50.33,47.8,40.96,37.6,43.79,37.27,38.35,34.92,37.93,33.15,33.52,30.34,31.56,28.31,39.37,27.75,29.14,26.96,28.86,26.05,28.28,28,32.27,29.71
Asset Turnover,0.203,0.179,0.162,0.232,0.174,0.188,0.182,0.217,0.171,0.167,0.161,0.19,0.151,0.151,0.132,0.171,0.156,0.144,0.13,0.166,0.132,0.142,0.136,0.154,0.124,0.126,0.117,0.135,0.113,0.141,0.108,0.118,0.103,0.108,0.098,0.115,0.107,0.119,0.113
Dividend Payout Ratio,0.394,0.382,0.325,0.176,0.289,0.255,0.21,0.208,0.262,0.235,0.235,0.256,0.333,0,0.377,0.303,0.319,0.39,0.371,0.359,0.412,0.509,0.519,0.437,0.508,0,0.508,0.581,0.766,0.419,0.5,0.488,0.557,0.379,0.464,0,0.442,0.368,0.368
Days Sales Outstanding,61.39,77.97,60.65,53.71,57.49,74.04,54.35,58.88,55.73,78.74,53.33,59.61,57.46,79.73,56.27,60.89,53.4,80.2,54.21,59.49,60.36,76.27,50.68,55.8,52.19,73.67,51.24,55.63,54.43,63.06,46.31,50.68,50.64,79.94,54.15,58.15,58.55,80.32,54.56
Days Payable,97.83,117.29,105.54,79.76,108.61,115.86,106.22,72.94,89.66,103.28,89.85,62.86,87.51,91.51,79.49,69.83,86.39,76.78,85.86,59.19,69.96,88.85,74.66,62.41,85.25,80.53,83.94,64.11,79.87,78.89,73.24,60.64,70.38,79.75,75.69,64.74,75.05,80.71,78.41
Days Inventory,26.35,24.24,29.97,21.87,18.05,17.86,28.81,19.85,22.44,29.88,43.99,29.3,31.9,27.94,30.22,26.33,36.16,32.37,40.36,23.06,26.82,27.38,31.99,23.38,28.81,32.81,42.53,30.12,30.44,26.88,31.25,23.42,22.3,22.45,29.72,21.5,20.12,22.23,28.91
Cash Conversion Cycle,-10.09,-15.08,-14.92,-4.18,-33.07,-23.96,-23.06,5.79,-11.49,5.34,7.47,26.05,1.85,16.16,7,17.39,3.17,35.79,8.71,23.36,17.22,14.8,8.01,16.77,-4.25,25.95,9.83,21.64,5,11.05,4.32,13.46,2.56,22.64,8.18,14.91,3.62,21.84,5.06
Inventory Turnover,3.46,3.76,3.04,4.17,5.06,5.11,3.17,4.6,4.07,3.05,2.07,3.11,2.86,3.27,3.02,3.47,2.52,2.82,2.26,3.96,3.4,3.33,2.85,3.9,3.17,2.78,2.15,3.03,3,3.39,2.92,3.9,4.09,4.07,3.07,4.24,4.54,4.11,3.16
COGS-to-Revenue,0.21,0.2,0.22,0.19,0.19,0.2,0.19,0.24,0.24,0.21,0.22,0.27,0.23,0.23,0.26,0.27,0.23,0.29,0.28,0.34,0.29,0.33,0.36,0.38,0.33,0.34,0.35,0.41,0.38,0.3,0.36,0.38,0.35,0.33,0.34,0.38,0.35,0.32,0.34
Inventory-to-Revenue,0.06,0.052,0.072,0.046,0.038,0.039,0.061,0.053,0.058,0.07,0.105,0.087,0.079,0.071,0.086,0.077,0.093,0.102,0.123,0.086,0.086,0.098,0.125,0.098,0.104,0.121,0.165,0.137,0.125,0.089,0.123,0.098,0.085,0.081,0.11,0.09,0.076,0.079,0.108
Revenue,"13,648.00","13,099.00","12,920.00","19,022.00","14,503.00","16,039.00","16,195.00","19,953.00","16,428.00","17,367.00","17,372.00","20,885.00","17,407.00","18,059.00","16,008.00","21,456.00","20,489.00","19,896.00","18,529.00","24,519.00","20,403.00","23,382.00","23,201.00","26,470.00","21,729.00","22,180.00","20,379.00","23,796.00","20,531.00","26,448.00","21,928.00","25,826.00","23,212.00","25,605.00","24,538.00","28,918.00","26,819.00","30,085.00","29,084.00"
Cost of Goods Sold,"2,814.00","2,586.00","2,842.00","3,628.00","2,755.00","3,170.00","3,139.00","4,833.00","3,897.00","3,708.00","3,777.00","5,638.00","3,952.00","4,163.00","4,168.00","5,692.00","4,787.00","5,738.00","5,145.00","8,322.00","5,978.00","7,633.00","8,273.00","10,136.00","7,161.00","7,468.00","7,207.00","9,872.00","7,722.00","7,979.00","7,844.00","9,901.00","8,060.00","8,456.00","8,278.00","11,064.00","9,269.00","9,742.00","9,905.00"
Gross Profit,"10,834.00","10,513.00","10,078.00","15,394.00","11,748.00","12,869.00","13,056.00","15,120.00","12,531.00","13,659.00","13,595.00","15,247.00","13,455.00","13,896.00","11,840.00","15,764.00","15,702.00","14,158.00","13,384.00","16,197.00","14,425.00","15,749.00","14,928.00","16,334.00","14,568.00","14,712.00","13,172.00","13,924.00","12,809.00","18,469.00","14,084.00","15,925.00","15,152.00","17,149.00","16,260.00","17,854.00","17,550.00","20,343.00","19,179.00"
"Selling, General, & Admin. Expense","4,184.00","4,301.00","3,531.00","4,802.00","4,355.00","4,589.00","3,744.00","4,770.00","4,553.00","5,095.00","4,063.00","4,882.00","4,564.00","4,917.00","4,072.00","5,465.00","5,450.00","5,302.00","4,283.00","5,480.00","4,708.00","6,017.00","4,879.00","5,412.00","4,800.00","5,233.00","4,417.00","4,998.00","4,546.00","5,237.00","4,263.00","4,958.00","5,074.00","5,647.00","4,978.00","5,671.00","5,543.00","6,031.00","5,247.00"
Research & Development,"2,212.00","2,225.00","2,065.00","2,079.00","2,220.00","2,350.00","2,196.00","2,185.00","2,269.00","2,393.00","2,329.00","2,371.00","2,517.00","2,594.00","2,460.00","2,528.00","2,640.00","2,783.00","2,767.00","2,748.00","2,743.00","3,123.00","3,065.00","2,903.00","2,984.00","3,094.00","2,962.00","2,900.00","2,980.00","3,146.00","3,106.00","3,062.00","3,355.00","3,514.00","3,574.00","3,504.00","3,715.00","3,933.00","3,977.00"
Other Operating Expense,0,0,0,0,0,0,0,0,0,0,0,0,0,0,0,0,0,0,0,0,0,0,0,0,0,0,0,0,0,0,0,0,0,0,0,0,0,0,0
Operating Income,"4,438.00","3,987.00","4,482.00","8,513.00","5,173.00","5,930.00","7,116.00","8,165.00","5,709.00","6,171.00","7,203.00","7,994.00","6,374.00","6,385.00","5,308.00","7,771.00","7,612.00","6,073.00","6,334.00","7,969.00","6,974.00","6,609.00","6,984.00","8,019.00","6,784.00","6,385.00","5,793.00","6,026.00","5,283.00","10,086.00","6,715.00","7,905.00","6,723.00","7,988.00","7,708.00","8,679.00","8,292.00","10,379.00","9,955.00"
  Interest Income,164,198,203,197,204,0,210,205,0,0,0,0,0,0,0,0,0,0,0,0,0,0,0,0,0,0,0,0,0,0,0,0,0,0,0,0,0,0,0
  Interest Expense,0,-38,-38,-38,-38,-37,-45,-72,0,0,-94,-95,-95,-96,-95,-105,-109,-120,-118,-135,-175,-169,-161,-162,0,0,-249,-309,-340,-345,-437,-521,-609,-655,-672,-698,-691,-672,-674
Net Interest Income,164,160,165,159,166,-641,165,133,0,0,-94,-95,-95,-96,-95,-105,-109,-120,-118,-135,-175,-169,-161,-162,0,0,-249,-309,-340,-345,-437,-521,-609,-655,-672,-698,-691,-672,-674
Other Income (Expense),-552,-5,118,211,2,735,-51,199,316,148,197,340,84,"-5,930.00",321,104,100,192,192,44,158,137,-927,-7,-267,"-8,141.00",-31,138,93,-506,549,638,980,625,948,"1,188.00","1,040.00",973,940
  Other Income (Minority Interest),0,0,0,0,0,0,0,0,0,0,0,0,0,0,0,0,0,0,0,0,0,0,0,0,0,0,0,0,0,0,0,0,0,0,0,0,0,0,0
Pre-Tax Income,"4,050.00","4,142.00","4,765.00","8,883.00","5,341.00","6,024.00","7,230.00","8,497.00","6,025.00","6,319.00","7,306.00","8,239.00","6,363.00",359,"5,534.00","7,770.00","7,603.00","6,145.00","6,408.00","7,878.00","6,957.00","6,577.00","5,896.00","7,850.00","6,517.00","-1,756.00","5,513.00","5,855.00","5,036.00","9,235.00","6,827.00","8,022.00","7,094.00","7,958.00","7,984.00","9,169.00","8,641.00","10,680.00","10,221.00"
Tax Provision,"-1,073.00","-1,097.00","-1,191.00","-2,221.00","-1,335.00","-1,506.00","-1,820.00","-1,863.00",-793,-445,"-1,568.00","-1,615.00","-1,255.00",-851,"-1,068.00","-1,393.00","-1,548.00","-1,180.00","-1,164.00","-1,320.00","-1,297.00","-1,965.00","-1,356.00","-1,987.00","-1,532.00","-1,439.00",-611,-837,"-1,280.00","-2,372.00","-1,160.00","-1,755.00","-1,608.00",111,"-1,408.00","-15,471.00","-1,217.00","-1,807.00","-1,397.00"
Tax Rate %,26.49,26.48,24.99,25,25,25,25.17,21.93,13.16,7.04,21.46,19.6,19.72,237.05,19.3,17.93,20.36,19.2,18.16,16.76,18.64,29.88,23,25.31,23.51,-81.95,11.08,14.3,25.42,25.68,16.99,21.88,22.67,-1.39,17.64,168.73,14.08,16.92,13.67
Net Income (Continuing Operations),"2,977.00","3,045.00","3,574.00","6,662.00","4,006.00","4,518.00","5,410.00","6,634.00","5,232.00","5,874.00","5,738.00","6,624.00","5,108.00",-492,"4,466.00","6,377.00","6,055.00","4,965.00","5,244.00","6,558.00","5,660.00","4,612.00","4,540.00","5,863.00","4,985.00","-3,195.00","4,902.00","5,018.00","3,756.00","6,863.00","5,667.00","6,267.00","5,486.00","8,069.00","6,576.00","-6,302.00","7,424.00","8,873.00","8,824.00"
Net Income (Discontinued Operations),0,0,0,0,0,0,0,0,0,0,0,0,0,0,0,0,0,0,0,0,0,0,0,0,0,0,0,0,0,0,0,0,0,0,0,0,0,0,0
Net Income,"2,977.00","3,045.00","3,574.00","6,662.00","4,006.00","4,518.00","5,410.00","6,634.00","5,232.00","5,874.00","5,738.00","6,624.00","5,108.00",-492,"4,466.00","6,377.00","6,055.00","4,965.00","5,244.00","6,558.00","5,660.00","4,612.00","4,540.00","5,863.00","4,985.00","-3,195.00","4,902.00","5,018.00","3,756.00","6,863.00","5,667.00","6,267.00","5,486.00","8,069.00","6,576.00","-6,302.00","7,424.00","8,873.00","8,824.00"
Preferred Dividends,0,0,0,0,0,0,0,0,0,0,0,0,0,0,0,0,0,0,0,0,0,0,0,0,0,0,0,0,0,0,0,0,0,0,0,0,0,0,0
EPS (Basic),0.33,0.34,0.4,0.75,0.46,0.52,0.63,0.78,0.62,0.7,0.68,0.79,0.61,-0.06,0.53,0.76,0.72,0.59,0.63,0.79,0.68,0.56,0.55,0.71,0.61,-0.38,0.61,0.63,0.48,0.87,0.73,0.81,0.71,1.04,0.85,-0.82,0.96,1.15,1.15
EPS (Diluted),0.33,0.34,0.4,0.74,0.45,0.51,0.62,0.77,0.61,0.68,0.68,0.78,0.6,-0.06,0.53,0.76,0.72,0.59,0.62,0.78,0.68,0.55,0.54,0.71,0.61,-0.38,0.61,0.62,0.47,0.86,0.72,0.8,0.7,1.03,0.84,-0.82,0.95,1.14,1.14
Shares Outstanding (Diluted Average),"8,904.00","8,960.00","8,983.00","8,951.00","8,876.00","8,843.00","8,695.00","8,570.00","8,510.00","8,545.00","8,490.00","8,465.00","8,498.00","8,518.00","8,494.00","8,444.00","8,429.00","8,464.00","8,434.00","8,395.00","8,367.00","8,363.00","8,351.00","8,297.00","8,237.00","8,137.00","8,084.00","8,051.00","7,985.00","7,929.00","7,876.00","7,830.00","7,813.00","7,808.00","7,799.00","7,710.00","7,794.00","7,782.00","7,766.00"
"Depreciation, Depletion and Amortization",664,681,646,615,694,718,694,663,720,689,726,678,766,797,710,"1,009.00","1,053.00",983,954,"1,261.00","1,255.00","1,742.00","1,428.00","1,521.00","1,515.00","1,493.00","1,461.00","1,544.00","1,707.00","1,910.00","1,816.00","2,166.00","2,453.00","2,343.00","2,499.00","2,536.00","2,710.00","2,516.00","2,837.00"
EBITDA,"5,102.00","4,164.00","5,449.00","9,536.00","6,073.00","6,779.00","7,969.00","9,232.00","6,429.00","8,065.00","8,126.00","9,012.00","7,224.00","1,252.00","6,339.00","8,884.00","8,765.00","7,248.00","7,480.00","9,274.00","8,387.00","8,488.00","7,485.00","9,533.00","8,299.00","-1,006.00","7,223.00","7,708.00","7,083.00","11,490.00","9,080.00","10,709.00","10,156.00","10,956.00","11,155.00","12,403.00","12,042.00","13,868.00","13,732.00"
  Cash And Cash Equivalents,"7,285.00","6,076.00","8,823.00","9,422.00","8,155.00","5,505.00","8,161.00","4,023.00","7,021.00","9,610.00","12,881.00","10,610.00","6,388.00","6,938.00","5,036.00","6,017.00","5,240.00","3,804.00","4,023.00","10,059.00","11,572.00","8,669.00","6,302.00","6,426.00","7,414.00","5,595.00","5,431.00","7,185.00","7,170.00","6,510.00","13,928.00","8,468.00","6,713.00","7,663.00","6,884.00","12,859.00","9,221.00","11,946.00","15,137.00"
  Marketable Securities,"18,055.00","25,371.00","27,905.00","26,677.00","31,511.00","31,283.00","36,012.00","37,229.00","43,129.00","43,162.00","44,522.00","41,126.00","53,141.00","56,102.00","61,608.00","62,295.00","69,243.00","73,218.00","76,649.00","73,885.00","76,853.00","77,040.00","82,891.00","83,823.00","88,024.00","90,931.00","93,924.00","95,455.00","98,382.00","106,730.00","123,004.00","114,313.00","119,305.00","125,318.00","131,587.00","129,921.00","123,049.00","121,822.00","120,743.00"
"Cash, Cash Equivalents, Marketable Securities","25,340.00","31,447.00","36,728.00","36,099.00","39,666.00","36,788.00","44,173.00","41,252.00","50,150.00","52,772.00","57,403.00","51,736.00","59,529.00","63,040.00","66,644.00","68,312.00","74,483.00","77,022.00","80,672.00","83,944.00","88,425.00","85,709.00","89,193.00","90,249.00","95,438.00","96,526.00","99,355.00","102,640.00","105,552.00","113,240.00","136,932.00","122,781.00","126,018.00","132,981.00","138,471.00","142,780.00","132,270.00","133,768.00","135,880.00"
  Accounts Receivable,"9,182.00","11,192.00","8,587.00","11,196.00","9,137.00","13,014.00","9,646.00","12,874.00","10,033.00","14,987.00","10,153.00","13,643.00","10,961.00","15,780.00","9,871.00","14,317.00","11,991.00","17,486.00","11,007.00","15,986.00","13,497.00","19,544.00","12,887.00","16,186.00","12,427.00","17,908.00","11,444.00","14,507.00","12,247.00","18,277.00","11,129.00","14,343.00","12,882.00","22,431.00","14,561.00","18,428.00","17,208.00","26,481.00","17,390.00"
  Notes Receivable,0,0,0,0,0,0,0,0,0,0,0,0,0,0,0,0,0,0,0,0,0,0,0,0,0,0,0,0,0,0,0,0,0,0,0,0,0,0,0
  Other Current Receivables,0,0,0,0,0,0,0,0,0,0,0,0,0,0,0,0,0,0,0,0,0,0,0,0,0,0,0,0,0,0,0,0,0,0,0,0,0,0,0
Total Receivables,"9,182.00","11,192.00","8,587.00","11,196.00","9,137.00","13,014.00","9,646.00","12,874.00","10,033.00","14,987.00","10,153.00","13,643.00","10,961.00","15,780.00","9,871.00","14,317.00","11,991.00","17,486.00","11,007.00","15,986.00","13,497.00","19,544.00","12,887.00","16,186.00","12,427.00","17,908.00","11,444.00","14,507.00","12,247.00","18,277.00","11,129.00","14,343.00","12,882.00","22,431.00","14,561.00","18,428.00","17,208.00","26,481.00","17,390.00"
"  Inventories, Raw Materials & Components",173,170,165,100,120,172,189,151,175,232,235,243,233,210,461,646,802,328,673,389,508,944,840,681,"1,019.00","1,100.00","1,192.00","1,791.00",636,612,582,363,555,797,766,491,627,655,690
"  Inventories, Work In Process",58,45,30,11,4,16,10,54,54,56,56,81,73,96,48,76,11,201,166,80,60,266,286,260,293,202,155,120,122,158,110,98,127,145,112,91,67,54,58
"  Inventories, Inventories Adjustments",0,0,0,0,0,0,0,0,0,0,0,0,0,0,0,0,0,0,0,0,0,0,0,0,0,0,0,0,0,0,0,0,0,0,0,0,0,0,0
"  Inventories, Finished Goods",426,502,955,478,377,552,"1,043.00",656,827,"1,084.00","1,979.00","1,027.00","1,106.00",831,"1,115.00",939,"1,320.00","1,409.00","1,774.00","1,125.00","1,352.00","1,450.00","2,015.00","1,112.00","1,157.00","1,600.00","2,469.00",791,"1,692.00","1,481.00","2,430.00","1,500.00","1,297.00","1,239.00","2,333.00","1,421.00","1,390.00","1,953.00","2,866.00"
"  Inventories, Other",0,0,0,0,0,0,0,0,0,0,0,0,0,0,0,0,0,0,0,0,0,0,0,0,0,0,0,0,0,0,0,0,0,0,0,0,0,0,0
Total Inventories,657,717,"1,150.00",589,501,740,"1,242.00",861,"1,056.00","1,372.00","2,270.00","1,351.00","1,412.00","1,137.00","1,624.00","1,661.00","2,133.00","1,938.00","2,613.00","1,594.00","1,920.00","2,660.00","3,141.00","2,053.00","2,469.00","2,902.00","3,816.00","2,702.00","2,450.00","2,251.00","3,122.00","1,961.00","1,979.00","2,181.00","3,211.00","2,003.00","2,084.00","2,662.00","3,614.00"
Other Current Assets,"5,545.00","5,924.00","5,766.00","4,603.00","5,214.00","5,134.00","4,520.00","4,697.00","5,024.00","5,787.00","5,445.00","5,783.00","4,958.00","5,127.00","5,912.00","5,284.00","4,917.00","5,020.00","5,158.00","5,346.00","5,164.00","6,333.00","7,218.00","7,874.00","8,064.00","5,461.00","7,041.00","7,963.00","8,172.00","5,892.00","6,726.00","5,864.00","5,434.00","5,103.00","4,788.00","4,422.00","5,097.00","6,751.00","7,311.00"
Total Current Assets,"40,724.00","49,280.00","52,231.00","52,487.00","54,518.00","55,676.00","59,581.00","59,684.00","66,263.00","74,918.00","75,271.00","72,513.00","76,860.00","85,084.00","84,051.00","89,574.00","93,524.00","101,466.00","99,450.00","106,870.00","109,006.00","114,246.00","112,439.00","116,362.00","118,398.00","122,797.00","121,656.00","127,812.00","128,421.00","139,660.00","157,909.00","144,949.00","146,313.00","162,696.00","161,031.00","167,633.00","156,659.00","169,662.00","164,195.00"
Investments And Advances,"4,112.00","4,933.00","6,006.00","6,976.00","7,797.00","7,754.00","9,211.00","10,022.00","10,748.00","10,865.00","8,576.00","7,550.00","9,068.00","9,776.00","10,038.00","10,707.00","11,193.00","10,844.00","11,995.00","14,607.00","14,792.00","14,597.00","13,943.00","12,665.00","12,019.00","12,053.00","11,438.00","11,514.00","11,315.00","10,431.00","10,486.00","8,912.00","7,381.00","6,023.00","5,343.00","3,961.00","2,818.00","1,862.00","2,034.00"
  Land And Improvements,0,526,0,0,0,526,0,0,0,533,0,0,0,528,0,0,0,525,0,0,0,541,0,0,0,769,0,0,0,824,0,0,0,"1,107.00",0,0,0,"1,254.00",0
  Buildings And Improvements,0,"5,886.00",0,0,0,"6,087.00",0,0,0,"6,521.00",0,0,0,"6,768.00",0,0,0,"7,326.00",0,0,0,"8,867.00",0,0,0,"10,800.00",0,0,0,"12,393.00",0,0,0,"16,284.00",0,0,0,"20,604.00",0
"  Machinery, Furniture, Equipment",0,"6,732.00",0,0,0,"7,546.00",0,"17,078.00",0,"8,592.00",0,0,0,"9,385.00",0,0,0,"11,707.00",0,0,0,"14,836.00",0,0,0,"17,191.00",0,0,0,"21,280.00",0,0,0,"25,458.00",0,0,0,"32,090.00",0
  Construction In Progress,0,0,0,0,0,0,0,0,0,0,0,0,0,0,0,0,0,0,0,0,0,0,0,0,0,0,0,0,0,0,0,0,0,0,0,0,0,0,0
  Other Gross PPE,"14,348.00","1,938.00","15,365.00","15,572.00","15,765.00","2,100.00","16,713.00",0,"17,533.00","2,345.00","18,242.00","18,556.00","19,177.00","2,550.00","19,730.00","20,471.00","21,451.00","2,946.00","23,812.00","25,253.00","26,212.00","3,560.00","28,602.00","29,799.00","31,214.00","3,577.00","33,055.00","33,797.00","35,716.00","3,659.00","40,109.00","43,267.00","44,954.00","5,064.00","50,332.00","53,153.00","56,306.00","4,735.00","62,383.00"
"Gross Property, Plant and Equipment","14,348.00","15,082.00","15,365.00","15,572.00","15,765.00","16,259.00","16,713.00","17,078.00","17,533.00","17,991.00","18,242.00","18,556.00","19,177.00","19,231.00","19,730.00","20,471.00","21,451.00","22,504.00","23,812.00","25,253.00","26,212.00","27,804.00","28,602.00","29,799.00","31,214.00","32,337.00","33,055.00","33,797.00","35,716.00","38,156.00","40,109.00","43,267.00","44,954.00","47,913.00","50,332.00","53,153.00","56,306.00","58,683.00","62,383.00"
  Accumulated Depreciation,"-7,236.00","-7,547.00","-7,853.00","-8,170.00","-8,393.00","-8,629.00","-8,942.00","-9,279.00","-9,564.00","-9,829.00","-10,209.00","-10,546.00","-10,952.00","-10,962.00","-11,401.00","-11,773.00","-12,247.00","-12,513.00","-13,038.00","-13,686.00","-14,441.00","-14,793.00","-15,373.00","-16,192.00","-16,839.00","-17,606.00","-18,009.00","-18,008.00","-18,885.00","-19,800.00","-20,885.00","-21,888.00","-22,992.00","-24,179.00","-25,523.00","-26,849.00","-28,377.00","-29,223.00","-30,953.00"
"Property, Plant and Equipment","7,112.00","7,535.00","7,512.00","7,402.00","7,372.00","7,630.00","7,771.00","7,799.00","7,969.00","8,162.00","8,033.00","8,010.00","8,225.00","8,269.00","8,329.00","8,698.00","9,204.00","9,991.00","10,774.00","11,567.00","11,771.00","13,011.00","13,229.00","13,607.00","14,375.00","14,731.00","15,046.00","15,789.00","16,831.00","18,356.00","19,224.00","21,379.00","21,962.00","23,734.00","24,809.00","26,304.00","27,929.00","29,460.00","31,430.00"
Intangible Assets,"14,310.00","14,262.00","14,235.00","13,714.00","13,745.00","13,552.00","13,548.00","13,494.00","13,394.00","13,325.00","13,563.00","22,251.00","22,454.00","16,622.00","17,889.00","18,068.00","17,922.00","17,738.00","17,649.00","17,625.00","17,652.00","27,108.00","26,774.00","29,154.00","28,691.00","21,774.00","21,887.00","22,055.00","22,407.00","21,605.00","21,429.00","45,525.00","45,215.00","45,228.00","44,987.00","44,389.00","44,126.00","43,736.00","43,434.00"
  Goodwill,"12,554.00","12,503.00","12,582.00","12,368.00","12,463.00","12,394.00","12,471.00","12,502.00","12,554.00","12,581.00","12,537.00","19,670.00","19,698.00","13,452.00","14,466.00","14,727.00","14,682.00","14,655.00","14,667.00","14,680.00","14,751.00","20,127.00","20,081.00","21,855.00","21,728.00","16,939.00","17,142.00","17,436.00","17,948.00","17,872.00","17,907.00","34,524.00","34,668.00","35,122.00","35,389.00","35,355.00","35,582.00","35,683.00","35,855.00"
Other Long Term Assets,"2,595.00","1,878.00","1,628.00","1,517.00","1,478.00","1,501.00","1,429.00","1,307.00","1,353.00","1,434.00","1,972.00","1,919.00","1,403.00","1,520.00","1,569.00","1,636.00","2,262.00","2,392.00","2,480.00","2,874.00","2,898.00","3,422.00","3,271.00","3,060.00","3,200.00","3,117.00","2,869.00","2,928.00","2,895.00","3,416.00","3,476.00","3,845.00","4,146.00","12,631.00","12,927.00","13,716.00","13,965.00","14,128.00","16,526.00"
Total Assets,"68,853.00","77,888.00","81,612.00","82,096.00","84,910.00","86,113.00","91,540.00","92,306.00","99,727.00","108,704.00","107,415.00","112,243.00","118,010.00","121,271.00","121,876.00","128,683.00","134,105.00","142,431.00","142,348.00","153,543.00","156,119.00","172,384.00","169,656.00","174,848.00","176,683.00","174,472.00","172,896.00","180,098.00","181,869.00","193,468.00","212,524.00","224,610.00","225,017.00","250,312.00","249,097.00","256,003.00","245,497.00","258,848.00","257,619.00"
  Accounts Payable,"3,017.00","3,324.00","3,287.00","3,171.00","3,279.00","4,025.00","3,654.00","3,863.00","3,829.00","4,197.00","3,719.00","3,884.00","3,790.00","4,175.00","3,631.00","4,356.00","4,532.00","4,828.00","4,841.00","5,398.00","4,583.00","7,432.00","6,769.00","6,932.00","6,690.00","6,591.00","6,630.00","6,936.00","6,759.00","6,898.00","6,296.00","6,580.00","6,217.00","7,390.00","6,866.00","7,850.00","7,623.00","8,617.00","8,511.00"
  Total Tax Payable,773,725,847,721,901,"1,074.00","2,136.00","1,439.00",839,580,705,921,958,789,847,630,689,592,834,591,694,782,903,711,758,606,607,493,685,580,720,508,654,718,920,788,814,"2,121.00","2,341.00"
  Other Current Payables,"1,533.00","1,684.00","3,534.00","2,911.00","2,794.00",182,909,"1,355.00","1,245.00","1,208.00","1,141.00",849,"1,210.00",814,415,21,564,645,582,748,794,558,191,430,96,92,154,439,373,294,210,"1,280.00",201,0,203,26,0,0,0
  Current Accrued Expense,"2,644.00",0,"2,224.00","2,417.00","2,885.00",0,0,0,0,0,0,0,"3,272.00",0,0,0,0,0,0,0,0,0,0,0,0,0,0,0,0,0,0,0,0,0,0,0,0,0,0
Accounts Payable & Accrued Expense,"7,967.00","5,733.00","9,892.00","9,220.00","9,859.00","5,281.00","6,699.00","6,657.00","5,913.00","5,985.00","5,565.00","5,654.00","9,230.00","5,778.00","4,893.00","5,007.00","5,785.00","6,065.00","6,257.00","6,737.00","6,071.00","8,772.00","7,863.00","8,073.00","7,544.00","7,289.00","7,391.00","7,868.00","7,817.00","7,772.00","7,226.00","8,368.00","7,072.00","8,108.00","7,989.00","8,664.00","8,437.00","10,738.00","10,852.00"
Current Portion of Long-Term Debt,"1,999.00","2,000.00","2,250.00","2,249.00","2,249.00","1,000.00","1,000.00",0,0,0,0,0,0,"1,231.00","2,236.00","2,241.00","2,246.00","2,999.00","3,300.00","2,300.00","2,000.00","2,000.00","5,248.00","10,048.00","4,224.00","7,484.00","10,748.00","3,750.00","5,498.00","12,904.00","14,536.00","25,664.00","7,786.00","10,121.00","9,220.00","15,912.00","3,677.00","3,998.00","6,497.00"
  Current Deferred Revenue,"10,924.00","13,003.00","13,567.00","11,361.00","11,171.00","13,652.00","12,767.00","12,063.00","11,887.00","15,722.00","14,345.00","13,985.00","13,929.00","18,653.00","18,295.00","18,354.00","16,511.00","20,639.00","18,585.00","17,616.00","17,670.00","23,150.00","20,713.00","19,192.00","18,232.00","23,223.00","21,603.00","20,929.00","20,876.00","27,468.00","26,304.00","26,085.00","26,518.00","24,013.00","22,778.00","21,309.00","21,370.00","28,905.00","26,704.00"
  Current Deferred Taxes Liabilities,0,0,0,0,0,0,0,0,0,0,0,0,0,0,0,0,0,0,0,0,0,0,0,0,0,0,0,0,0,0,0,0,0,0,0,0,0,0,0
DeferredTaxAndRevenue,"10,924.00","13,003.00","13,567.00","11,361.00","11,171.00","13,652.00","12,767.00","12,063.00","11,887.00","15,722.00","14,345.00","13,985.00","13,929.00","18,653.00","18,295.00","18,354.00","16,511.00","20,639.00","18,585.00","17,616.00","17,670.00","23,150.00","20,713.00","19,192.00","18,232.00","23,223.00","21,603.00","20,929.00","20,876.00","27,468.00","26,304.00","26,085.00","26,518.00","24,013.00","22,778.00","21,309.00","21,370.00","28,905.00","26,704.00"
Other Current Liabilities,"2,933.00","6,298.00","3,052.00","2,885.00","3,145.00","6,214.00","5,391.00","5,592.00","6,242.00","7,067.00","5,633.00","5,734.00","3,011.00","7,026.00","5,978.00","6,308.00","7,387.00","7,714.00","6,481.00","7,089.00","8,162.00","11,703.00","10,870.00","10,102.00","10,748.00","11,651.00","9,657.00","10,096.00","10,163.00","11,213.00","10,744.00","10,670.00","10,629.00","13,503.00","11,628.00","12,214.00","12,649.00","14,847.00","12,224.00"
Total Current Liabilities,"23,823.00","27,034.00","28,761.00","25,715.00","26,424.00","26,147.00","25,857.00","24,312.00","24,042.00","28,774.00","25,543.00","25,373.00","26,170.00","32,688.00","31,402.00","31,910.00","31,929.00","37,417.00","34,623.00","33,742.00","33,903.00","45,625.00","44,694.00","47,415.00","40,748.00","49,647.00","49,399.00","42,643.00","44,354.00","59,357.00","58,810.00","70,787.00","52,005.00","55,745.00","51,615.00","58,099.00","46,133.00","58,488.00","56,277.00"
  Long-Term Debt,0,"3,746.00","3,746.00","3,746.00","3,746.00","4,939.00","9,665.00","9,671.00","11,915.00","11,921.00","11,927.00","11,932.00","11,938.00","10,713.00","9,714.00","11,947.00","11,949.00","12,601.00","12,632.00","20,676.00","20,679.00","20,645.00","18,472.00","18,260.00","27,644.00","27,808.00","27,819.00","40,679.00","40,896.00","40,557.00","60,154.00","59,306.00","76,222.00","76,073.00","76,255.00","73,348.00","73,480.00","72,242.00","69,733.00"
  Capital Lease Obligation,0,0,0,0,0,0,0,0,0,0,0,0,0,0,0,0,0,0,0,0,0,0,0,0,0,0,0,0,0,0,0,0,0,0,0,0,0,0,0
Long-Term Debt & Capital Lease Obligation,0,"3,746.00","3,746.00","3,746.00","3,746.00","4,939.00","9,665.00","9,671.00","11,915.00","11,921.00","11,927.00","11,932.00","11,938.00","10,713.00","9,714.00","11,947.00","11,949.00","12,601.00","12,632.00","20,676.00","20,679.00","20,645.00","18,472.00","18,260.00","27,644.00","27,808.00","27,819.00","40,679.00","40,896.00","40,557.00","60,154.00","59,306.00","76,222.00","76,073.00","76,255.00","73,348.00","73,480.00","72,242.00","69,733.00"
PensionAndRetirementBenefit,0,0,0,0,0,0,0,0,0,0,0,0,0,0,0,0,0,0,0,0,0,0,0,0,0,0,0,0,0,0,0,0,0,0,0,0,0,0,0
NonCurrent Deferred Liabilities,"1,388.00","1,281.00","1,356.00","1,544.00","1,917.00","1,407.00","1,692.00","2,180.00","2,317.00","2,854.00","2,353.00","2,431.00","2,718.00","3,299.00","3,501.00","3,853.00","3,818.00","3,469.00","3,865.00","4,235.00","4,160.00","4,736.00","4,539.00","4,871.00","4,885.00","3,390.00","4,953.00","6,296.00","7,691.00","7,917.00","8,848.00","9,728.00","9,680.00","8,377.00","7,639.00","5,686.00","5,002.00","4,356.00","5,515.00"
Other Long-Term Liabilities,"6,699.00","6,269.00","6,537.00","6,808.00","7,113.00","7,445.00","7,384.00","7,662.00","8,001.00","8,072.00","8,201.00","8,386.00","8,525.00","8,208.00","8,423.00","8,397.00","9,721.00","10,000.00","9,587.00","9,790.00","9,953.00","11,594.00","11,781.00","12,423.00","13,274.00","13,544.00","13,280.00","13,700.00","14,122.00","13,640.00","14,340.00","15,980.00","17,381.00","22,406.00","23,941.00","40,510.00","41,643.00","41,044.00","40,127.00"
Total Liabilities,"31,910.00","38,330.00","40,400.00","37,813.00","39,200.00","39,938.00","44,598.00","43,825.00","46,275.00","51,621.00","48,024.00","48,122.00","49,351.00","54,908.00","53,040.00","56,107.00","57,417.00","63,487.00","60,707.00","68,443.00","68,695.00","82,600.00","79,486.00","82,969.00","86,551.00","94,389.00","95,451.00","103,318.00","107,063.00","121,471.00","142,152.00","155,801.00","155,288.00","162,601.00","159,450.00","177,643.00","166,258.00","176,130.00","171,652.00"
Common Stock,"61,896.00","62,382.00","62,293.00","62,566.00","62,517.00","62,856.00","61,935.00","61,646.00","63,234.00","63,415.00","63,492.00","63,902.00","65,273.00","65,797.00","66,084.00","66,334.00","66,826.00","67,306.00","67,230.00","67,476.00","67,803.00","68,366.00","68,362.00","68,765.00","68,475.00","68,465.00","68,093.00","68,279.00","68,012.00","68,178.00","67,747.00","68,177.00","68,554.00","69,315.00","69,419.00","70,192.00","70,418.00","71,223.00","71,303.00"
Preferred Stock,0,0,0,0,0,0,0,0,0,0,0,0,0,0,0,0,0,0,0,0,0,0,0,0,0,0,0,0,0,0,0,0,0,0,0,0,0,0,0
Retained Earnings,"-25,679.00","-22,824.00","-22,425.00","-19,605.00","-16,807.00","-17,736.00","-14,993.00","-13,165.00","-9,782.00","-6,332.00","-4,101.00",219,"3,386.00",-856,932,"4,236.00","7,657.00","9,895.00","11,680.00","14,347.00","16,289.00","17,710.00","18,051.00","19,731.00","18,186.00","9,096.00","7,614.00","6,728.00","4,954.00","2,282.00",944,120,531,"17,769.00","19,702.00","8,567.00","9,974.00","13,682.00","17,279.00"
Accumulated other comprehensive income (loss),726,0,"1,334.00","1,322.00",0,"1,055.00",0,0,0,0,0,0,0,"1,422.00","1,820.00","2,006.00","2,205.00","1,743.00","2,731.00","3,277.00","3,332.00","3,708.00","3,757.00","3,383.00","3,471.00","2,522.00","1,738.00","1,773.00","1,840.00","1,537.00","1,681.00",512,644,627,526,-399,"-1,153.00","-2,187.00","-2,615.00"
Additional Paid-In Capital,0,0,0,0,0,0,0,0,0,0,0,0,0,0,0,0,0,0,0,0,0,0,0,0,0,0,0,0,0,0,0,0,0,0,0,0,0,0,0
Treasury Stock,0,0,0,0,0,0,0,0,0,0,0,0,0,0,0,0,0,0,0,0,0,0,0,0,0,0,0,0,0,0,0,0,0,0,0,0,0,0,0
Other Stockholders Equity,0,0,10,0,0,0,0,0,0,0,0,0,0,0,0,0,0,0,0,0,0,0,0,0,0,0,0,0,0,0,0,0,0,0,0,0,0,0,0
Total Stockholders Equity,"36,943.00","39,558.00","41,212.00","44,283.00","45,710.00","46,175.00","46,942.00","48,481.00","53,452.00","57,083.00","59,391.00","64,121.00","68,659.00","66,363.00","68,836.00","72,576.00","76,688.00","78,944.00","81,641.00","85,100.00","87,424.00","89,784.00","90,170.00","91,879.00","90,132.00","80,083.00","77,445.00","76,780.00","74,806.00","71,997.00","70,372.00","68,809.00","69,729.00","87,711.00","89,647.00","78,360.00","79,239.00","82,718.00","85,967.00"
Minority Interest,0,0,0,0,0,0,0,0,0,0,0,0,0,0,0,0,0,0,0,0,0,0,0,0,0,0,0,0,0,0,0,0,0,0,0,0,0,0,0
Total Equity,"36,943.00","39,558.00","41,212.00","44,283.00","45,710.00","46,175.00","46,942.00","48,481.00","53,452.00","57,083.00","59,391.00","64,121.00","68,659.00","66,363.00","68,836.00","72,576.00","76,688.00","78,944.00","81,641.00","85,100.00","87,424.00","89,784.00","90,170.00","91,879.00","90,132.00","80,083.00","77,445.00","76,780.00","74,806.00","71,997.00","70,372.00","68,809.00","69,729.00","87,711.00","89,647.00","78,360.00","79,239.00","82,718.00","85,967.00"
  Net Income,"2,977.00","3,045.00","3,574.00","6,662.00","4,006.00","4,518.00","5,410.00","6,634.00","5,232.00","5,874.00","5,738.00","6,624.00","5,108.00",-492,"4,466.00","6,377.00","6,055.00","4,965.00","5,244.00","6,558.00","5,660.00","4,612.00","4,540.00","5,863.00","4,985.00","-3,195.00","4,902.00","5,018.00","3,756.00","6,863.00","5,667.00","6,267.00","5,486.00","8,069.00","6,576.00","-6,302.00","7,424.00","8,873.00","8,824.00"
  Net Foreign Currency Exchange Gain,0,0,0,0,0,0,0,0,0,0,0,0,0,0,0,0,0,0,0,0,0,0,0,0,0,0,0,0,0,0,0,0,0,0,0,0,0,0,0
Net Income From Continuing Operations,"2,977.00","3,045.00","3,574.00","6,662.00","4,006.00","4,518.00","5,410.00","6,634.00","5,232.00","5,874.00","5,738.00","6,624.00","5,108.00",-492,"4,466.00","6,377.00","6,055.00","4,965.00","5,244.00","6,558.00","5,660.00","4,612.00","4,540.00","5,863.00","4,985.00","-3,195.00","4,902.00","5,018.00","3,756.00","6,863.00","5,667.00","6,267.00","5,486.00","8,069.00","6,576.00","-6,302.00","7,424.00","8,873.00","8,824.00"
"Depreciation, Depletion and Amortization",664,681,646,615,694,718,694,663,720,689,726,678,766,797,710,"1,009.00","1,053.00",983,954,"1,261.00","1,255.00","1,742.00","1,428.00","1,521.00","1,515.00","1,493.00","1,461.00","1,544.00","1,707.00","1,910.00","1,816.00","2,166.00","2,453.00","2,343.00","2,499.00","2,536.00","2,710.00","2,516.00","2,837.00"
  Change In Receivables,"1,697.00","-1,820.00","2,748.00","-2,789.00","1,947.00","-4,144.00","3,674.00","-3,270.00","3,031.00","-4,886.00","4,733.00","-3,652.00","2,770.00","-5,007.00","6,156.00","-4,488.00","2,191.00","-5,666.00","6,617.00","-4,875.00","2,501.00","-5,363.00","6,627.00","-3,378.00","3,655.00","-5,448.00","6,376.00","-3,118.00","2,288.00","-4,984.00","7,187.00","-2,789.00","1,415.00","-7,029.00","7,949.00","-3,908.00","1,285.00","-9,188.00","9,194.00"
  Change In Inventory,0,0,-419,558,77,-260,-468,380,-170,-303,-920,891,-50,263,-473,-33,-483,187,-667,"1,029.00",-324,-199,-483,"1,070.00",-430,-429,-937,"1,104.00",241,192,-867,"1,132.00",-16,-199,"-1,023.00","1,205.00",-75,-572,-956
  Change In Prepaid Assets,0,0,0,0,0,0,0,0,0,0,0,0,0,0,0,0,0,0,0,0,0,0,0,0,0,0,0,0,0,0,0,0,0,0,0,0,0,0,0
  Change In Payables And Accrued Expense,0,0,-36,3,122,755,-400,216,-51,293,-442,176,-114,349,-567,685,-67,486,-276,602,-716,863,-659,137,-390,-142,-135,369,-129,-17,-443,99,-425,850,-407,938,-393,"1,010.00",-395
Change In Working Capital,"2,605.00","-2,605.00","1,123.00",-940,"2,843.00","-2,365.00","2,725.00","-2,850.00","2,775.00","-5,653.00","2,683.00","-1,400.00","3,346.00","-4,803.00","3,394.00","-3,616.00","3,704.00","-4,857.00","3,321.00","-3,115.00","2,798.00","-2,380.00","4,507.00","-2,495.00","3,308.00","-3,807.00","2,597.00","-2,046.00","2,953.00","-5,161.00","4,941.00","-2,026.00","1,510.00","-4,597.00","4,113.00","-1,265.00","1,146.00","-7,632.00","4,908.00"
Change In DeferredTax,-368,300,-46,550,-241,-483,-148,-117,-59,326,402,14,-134,672,38,140,226,-423,404,-176,-190,-369,301,314,253,-644,73,-247,351,"2,004.00",540,848,963,"-1,952.00",608,"13,669.00",249,"-1,486.00","-1,338.00"
Stock Based Compensation,0,0,443,485,481,482,528,553,541,544,558,575,591,520,603,603,599,601,635,591,602,618,646,633,641,654,674,658,672,664,703,767,883,913,973,986,969,"1,012.00","1,107.00"
Cash Flow from Discontinued Operations,0,0,0,0,0,0,0,0,0,0,0,0,0,0,0,0,0,0,0,0,0,0,0,0,0,0,0,0,0,0,0,0,0,0,0,0,0,0,0
Cash Flow from Others,-266,"2,004.00",367,"-2,403.00",-390,"2,734.00","-1,015.00",-697,-537,"4,162.00","-1,614.00",-629,-83,"10,983.00",-727,267,"-1,971.00","4,634.00","-2,353.00",-706,-26,"5,562.00","-3,068.00","-1,496.00","-1,101.00","12,348.00",-831,691,928,"2,184.00","-2,118.00","-1,729.00",-635,"6,229.00","-2,329.00","-1,749.00",-347,"8,135.00","-2,681.00"
Cash Flow from Operations,"6,044.00","3,841.00","6,107.00","4,969.00","7,393.00","5,604.00","8,194.00","4,186.00","8,672.00","5,942.00","8,493.00","5,862.00","9,594.00","7,677.00","8,484.00","4,780.00","9,666.00","5,903.00","8,205.00","4,413.00","10,099.00","9,785.00","8,354.00","4,340.00","9,601.00","6,849.00","8,876.00","5,618.00","10,367.00","8,464.00","11,549.00","6,293.00","10,660.00","11,005.00","12,440.00","7,875.00","12,151.00","11,418.00","13,657.00"
"Purchase Of Property, Plant, Equipment",-632,-867,-435,-376,-408,-758,-564,-491,-658,-642,-436,-498,-749,-622,-603,-930,-930,"-1,794.00","-1,231.00","-1,732.00","-1,192.00","-1,330.00","-1,282.00","-1,490.00","-1,391.00","-1,781.00","-1,356.00","-2,024.00","-2,308.00","-2,655.00","-2,163.00","-1,988.00","-1,695.00","-2,283.00","-2,132.00","-2,586.00","-2,934.00","-3,980.00","-3,602.00"
"Sale Of Property, Plant, Equipment",0,0,0,0,0,0,0,0,0,0,0,0,0,0,0,0,0,0,0,0,0,0,0,0,0,0,0,0,0,0,0,0,0,0,0,0,0,0,0
Purchase Of Business,0,0,-39,-63,-143,0,0,-69,0,0,-875,"-8,627.00",-84,-526,"-1,145.00",-311,-108,-20,-15,-139,-157,"-5,626.00",-141,"-2,794.00",-162,-626,-390,-381,-559,-63,-24,"-24,760.00",-802,-358,-179,-27,-248,-434,-245
Sale Of Business,0,0,0,0,0,0,0,0,0,0,0,0,0,0,0,0,0,0,0,0,0,0,0,0,0,0,0,0,0,0,0,0,0,0,0,0,0,0,0
Purchase Of Investment,"-9,619.00","-15,175.00","-10,490.00","-4,287.00","-11,217.00","-4,174.00","-7,417.00","-5,896.00","-14,394.00","-8,286.00","-11,299.00","-10,047.00","-23,951.00","-11,953.00","-20,138.00","-10,074.00","-18,160.00","-27,024.00","-14,768.00","-13,126.00","-21,323.00","-23,473.00","-24,085.00","-19,167.00","-30,218.00","-25,259.00","-37,570.00","-34,750.00","-27,341.00","-30,097.00","-57,181.00","-46,775.00","-43,918.00","-29,031.00","-32,961.00","-45,154.00","-26,885.00","-32,380.00","-19,551.00"
Sale Of Investment,"4,242.00","8,226.00","7,915.00","5,257.00","5,981.00","3,425.00","2,297.00","4,439.00","9,087.00","6,954.00","10,361.00","13,896.00","12,182.00","8,836.00","14,566.00","9,115.00","10,995.00","22,918.00","11,464.00","13,805.00","18,342.00","21,755.00","18,138.00","18,497.00","26,624.00","22,602.00","34,188.00","33,542.00","24,791.00","22,820.00","40,982.00","57,702.00","41,304.00","24,406.00","28,262.00","47,613.00","33,930.00","34,132.00","20,445.00"
Net Intangibles Purchase And Sale,0,0,0,0,0,0,0,0,0,0,0,0,0,0,0,0,0,0,0,0,0,0,0,0,0,0,0,0,0,0,0,0,0,0,0,0,0,0,0
Cash From Discontinued Investing Activities,0,0,0,0,0,0,0,0,0,0,0,0,0,0,0,0,0,0,0,0,0,0,0,0,0,0,0,0,0,0,0,0,0,0,0,0,0,0,0
Cash From Other Investing Activities,0,-41,"1,850.00",-623,-117,"-2,612.00",727,447,"-1,174.00","1,024.00",-66,-292,361,-397,-399,-393,543,81,-64,167,46,-236,-367,238,-334,-3,62,285,-66,-78,-84,"1,070.00","-1,080.00",-103,106,-177,-19,-8,0
Cash Flow from Investing,"-6,009.00","-7,857.00","-1,199.00",-92,"-5,904.00","-4,119.00","-4,957.00","-1,570.00","-7,139.00",-950,"-2,315.00","-5,568.00","-12,241.00","-4,662.00","-7,719.00","-2,593.00","-7,660.00","-5,839.00","-4,614.00","-1,025.00","-4,284.00","-8,910.00","-7,737.00","-4,716.00","-5,481.00","-5,067.00","-5,066.00","-3,328.00","-5,483.00","-10,073.00","-18,470.00","-14,751.00","-6,191.00","-7,369.00","-6,904.00",-331,"3,844.00","-2,670.00","-2,953.00"
Issuance of Stock,114,95,248,729,422,912,177,660,"1,405.00",180,336,208,"1,091.00",278,417,145,203,166,203,117,141,146,216,121,146,151,219,117,159,173,241,131,179,221,307,189,251,255,360
Repurchase of Stock,-18,-22,"-1,540.00","-3,867.00","-2,023.00","-3,839.00","-4,399.00","-5,052.00",-848,"-1,256.00","-1,934.00","-1,042.00","-1,023.00","-1,030.00","-1,632.00","-1,658.00","-1,028.00","-1,042.00","-2,188.00","-2,113.00","-1,845.00","-1,170.00","-2,888.00","-2,145.00","-5,131.00","-4,279.00","-4,757.00","-3,678.00","-3,857.00","-3,677.00","-4,362.00","-3,599.00","-2,062.00","-1,765.00","-2,570.00","-2,008.00","-3,781.00","-2,362.00","-3,744.00"
Net Issuance of Preferred Stock,0,0,0,0,0,0,0,0,0,0,0,0,0,0,0,0,0,0,0,0,0,0,0,0,0,0,0,0,0,0,0,0,0,0,0,0,0,0,0
Net Issuance of Debt,-1,"3,751.00",250,-2,0,-58,"4,721.00","-1,000.00","2,239.00",0,0,0,0,0,0,"2,232.00",0,0,300,"6,962.00",-300,0,"1,499.00","4,798.00","4,105.00","3,259.00","3,261.00","5,976.00","1,747.00","7,299.00","21,362.00","9,196.00",-966,"1,867.00",-925,"3,661.00","-12,256.00",-681,0
Cash Flow for Dividends,"-1,155.00","-1,158.00","-1,157.00","-1,152.00","-1,139.00","-1,130.00","-1,118.00","-1,363.00","-1,349.00","-1,350.00","-1,341.00","-1,683.00","-1,683.00","-1,678.00","-1,676.00","-1,933.00","-1,925.00","-1,921.00","-1,916.00","-2,332.00","-2,322.00","-2,309.00","-2,307.00","-2,547.00","-2,532.00","-2,496.00","-2,475.00","-2,868.00","-2,842.00","-2,821.00","-2,800.00","-3,024.00","-3,012.00","-3,009.00","-3,003.00","-3,238.00","-3,232.00","-3,226.00","-3,220.00"
Other Financing,0,33,9,15,14,17,-20,4,-10,3,70,4,10,9,177,-7,6,"1,328.00",205,-19,22,-247,502,307,316,-239,-178,-65,-123,-3,-112,312,-375,-15,-150,-156,-640,-25,-780
Cash Flow from Financing,"-1,060.00","2,699.00","-2,190.00","-4,277.00","-2,726.00","-4,098.00",-639,"-6,751.00","1,437.00","-2,423.00","-2,869.00","-2,513.00","-1,605.00","-2,421.00","-2,714.00","-1,221.00","-2,744.00","-1,469.00","-3,396.00","2,615.00","-4,304.00","-3,580.00","-2,978.00",534,"-3,096.00","-3,604.00","-3,930.00",-518,"-4,916.00",971,"14,329.00","3,016.00","-6,236.00","-2,701.00","-6,341.00","-1,552.00","-19,658.00","-6,039.00","-7,384.00"
Net Change in Cash,"-1,025.00","-1,317.00","2,718.00",600,"-1,237.00","-2,613.00","2,598.00","-4,135.00","2,970.00","2,569.00","3,309.00","-2,219.00","-4,252.00",594,"-1,949.00",966,-738,"-1,405.00",195,"6,003.00","1,511.00","-2,705.00","-2,361.00",158,"1,024.00","-1,822.00",-120,"1,772.00",-32,-638,"7,408.00","-5,442.00","-1,767.00",935,-805,"5,992.00","-3,663.00","2,709.00","3,320.00"
Capital Expenditure,-632,-867,-435,-376,-408,-758,-564,-491,-658,-642,-436,-498,-749,-622,-603,-930,-930,"-1,794.00","-1,231.00","-1,732.00","-1,192.00","-1,330.00","-1,282.00","-1,490.00","-1,391.00","-1,781.00","-1,356.00","-2,024.00","-2,308.00","-2,655.00","-2,163.00","-1,988.00","-1,695.00","-2,283.00","-2,132.00","-2,586.00","-2,934.00","-3,980.00","-3,602.00"
Free Cash Flow,"5,412.00","2,974.00","5,672.00","4,593.00","6,985.00","4,846.00","7,630.00","3,695.00","8,014.00","5,300.00","8,057.00","5,364.00","8,845.00","7,055.00","7,881.00","3,850.00","8,736.00","4,109.00","6,974.00","2,681.00","8,907.00","8,455.00","7,072.00","2,850.00","8,210.00","5,068.00","7,520.00","3,594.00","8,059.00","5,809.00","9,386.00","4,305.00","8,965.00","8,722.00","10,308.00","5,289.00","9,217.00","7,438.00","10,055.00"
PE Ratio,10.56,14.67,16.7,16.84,15.18,10.96,10.56,11.88,10.12,9.7,9.08,9.44,11.77,15.3,16.09,14.6,14.67,13.29,12.37,13.8,15.35,15.86,18.18,18.73,16.87,29.83,28.55,38,41.84,19.99,21.57,21.8,21.38,21.21,21.92,48.88,45.64,46.73,47.46
Price-to-Owner-Earnings,10.51,13.51,14.25,15.66,13.83,10.33,9.25,11.68,9.92,10.75,9.82,9.48,11.66,14.09,14.42,14.49,13.79,13.4,12.17,13.29,15.59,13.99,15.12,14.73,12.64,21.75,24.48,33.32,37.42,17.36,16.83,16.36,16.49,18.43,19.37,21.35,22.51,25.8,28.93
PB Ratio,4.43,5.35,5.55,6.06,5.61,4.32,4.47,4.84,4,3.82,3.52,3.39,3.95,3.86,3.64,3.08,3.11,3.64,3.4,3.65,3.87,3.83,4.24,4.15,3.66,4.43,4.56,5.73,5.81,5.55,6.37,6.98,7.29,6.06,6.36,8.41,8.86,9.15,10.22
Price-to-Tangible-Book,7.22,8.37,8.49,8.79,8.03,6.11,6.28,6.7,5.34,4.98,4.57,5.2,5.86,5.15,4.92,4.1,4.06,4.7,4.34,4.6,4.85,5.48,6.04,6.09,5.37,6.08,6.36,8.03,8.3,7.93,9.16,20.63,20.75,12.51,12.77,19.4,19.99,19.42,20.65
Price-to-Free-Cash-Flow,10.5,13.38,12.1,14.63,12.94,9.28,8.98,10.56,9.07,9.06,8.46,8.25,9.94,8.86,8.67,8.21,8.81,11.89,11.87,14.03,15.2,12.94,14.3,14.22,12.71,15.71,15.3,18.52,18.36,16.41,17.04,17.84,18.18,17.21,17.86,20.02,21.19,23.78,27.76
Price-to-Operating-Cash-Flow,8.63,11.19,10.55,13.01,11.73,8.52,8.26,9.63,8.24,8.27,7.77,7.62,9.18,8.22,8,7.43,7.92,10.13,9.84,11.19,12.05,10.76,11.88,11.91,10.54,12.5,12.2,14.58,14.03,12.3,12.72,13.41,14.01,13.67,14.28,15.87,16.34,17.48,19.7
PS Ratio,2.73,3.66,4.08,4.65,4.4,3.28,3.29,3.65,3.2,3.19,2.99,3.06,3.75,3.52,3.49,3.11,3.19,3.75,3.5,3.78,4.14,4.03,4.24,4.15,3.57,3.9,4,5.12,5.13,4.49,4.95,5.18,5.32,5.59,5.82,6.51,6.7,6.94,7.73
PEG Ratio,0.39,0.62,0.8,0.92,0.88,0.64,0.62,0.71,0.62,0.62,0.6,0.66,0.9,1.39,1.9,2.3,2.73,2.65,2.24,2.29,2.44,2.36,2.95,3.64,3.67,12.8,42.61,0,0,0,34.24,7.81,4.05,2.74,2.46,5.13,4.59,4.36,3.73
EV-to-Revenue,2.29,3.18,3.52,4.06,3.74,2.7,2.68,3.04,2.56,2.53,2.3,2.47,3.06,2.78,2.71,2.32,2.35,2.91,2.65,2.99,3.27,3.23,3.47,3.42,2.81,3.13,3.22,4.33,4.32,3.73,4.17,4.67,4.79,5.02,5.22,5.92,6.11,6.34,7.13
EV-to-EBITDA,5.4,8.3,9.31,9.83,8.84,6.06,5.8,6.75,5.78,5.58,5.14,5.62,6.89,8.01,8.22,7.15,7.08,7.25,6.58,7.62,8.42,8.34,9.43,9.44,7.88,12.06,12.17,17.16,17.87,10.14,10.92,11.54,11.26,11.85,12.04,13.56,13.89,14.14,15.73
EV-to-EBIT,5.97,9.37,10.62,11.02,9.87,6.7,6.37,7.44,6.37,6.12,5.64,6.17,7.56,9.06,9.39,8.3,8.24,8.24,7.51,8.75,9.77,9.87,11.35,11.44,9.65,15.97,16.21,23.53,25.37,12.64,13.6,14.39,14.1,15.08,15.43,17.38,17.73,17.84,19.75
Earnings Yield (Joel Greenblatt) %,16.75,10.67,9.42,9.07,10.13,14.93,15.7,13.44,15.7,16.34,17.73,16.21,13.23,11.04,10.65,12.05,12.14,12.14,13.32,11.43,10.24,10.13,8.81,8.74,10.36,6.26,6.17,4.25,3.94,7.91,7.35,6.95,7.09,6.63,6.48,5.75,5.64,5.61,5.06
Forward Rate of Return (Yacktman) %,28.47,26.46,26.37,23.77,23.17,24.85,24.79,23.62,24.29,23.72,24.06,23.11,20.57,19.03,17.08,15.86,14.67,12.62,13.71,13.32,13.19,13.7,12.65,11.49,12.08,9.15,7.64,4.66,3.39,4.94,6.15,7.79,10.14,12.41,13.38,13.35,13.68,14.16,15.81
Shiller PE Ratio,15.99,20.2,21.6,24.65,23.16,17.86,18.47,20.16,17.61,17.08,15.66,15.96,19.15,18.1,17.16,15.07,15.58,18.24,17.28,18.84,19.92,19.85,21.81,21.93,18.73,20.91,20.71,25.94,25.43,22.79,25.32,26.74,27.94,28.17,29.53,36.23,37.65,39.29,44.53
Dividend Yield %,2.61,2.1,2.02,1.71,1.78,2.26,2.12,1.97,2.28,2.35,2.57,2.62,2.23,2.48,2.69,3.11,3.01,2.58,2.76,2.59,2.49,2.57,2.42,2.48,2.9,2.74,2.8,2.33,2.43,2.72,2.5,2.37,2.28,2.22,2.11,1.86,1.77,1.67,1.47
Market Cap,"163,487.86","211,743.16","228,908.00","268,559.28","256,638.98","199,450.68","209,683.38","234,527.73","214,063.09","217,776.00","209,324.90","217,596.72","270,984.00","256,374.79","250,638.72","223,669.54","238,864.89","287,732.40","277,754.88","310,503.00","338,577.40","343,566.30","382,701.80","381,726.10","329,874.58","354,392.05","353,460.36","439,679.00","434,660.10","399,535.36","448,358.40","480,342.20","508,636.78","531,312.44","570,276.40","659,085.70","701,866.30","757,028.97","878,361.60"
Enterprise Value,"140,146.86","186,042.16","198,176.00","238,455.28","222,967.98","168,601.68","176,175.38","202,946.73","175,828.09","176,925.00","163,848.90","177,792.72","223,393.00","205,278.79","195,944.72","169,545.54","178,576.89","226,310.40","213,014.88","249,535.00","272,831.40","280,502.30","317,228.80","319,785.10","266,304.58","293,158.05","292,672.36","381,468.00","375,502.10","339,756.36","386,116.40","442,531.20","466,626.78","484,525.44","517,280.40","605,565.70","646,753.30","699,500.97","818,711.60"
Net Cash per Share,-0.74,-0.77,-0.41,-0.19,0.05,-0.36,-0.05,-0.31,0.46,0.14,1.12,0.43,1.21,0.97,1.62,1.46,2.04,1.63,2.39,1.87,2.39,0.38,1.18,0.89,1.1,0.27,0.49,-0.09,-0.19,-1.05,-0.67,-4.27,-3.79,-3.84,-2.72,-4.52,-4.42,-5.52,-4.66
Net Current Asset Value,0.99,1.23,1.33,1.67,1.75,1.82,1.75,1.89,2.37,2.78,3.24,2.91,3.27,3.6,3.68,4,4.32,4.56,4.64,4.63,4.88,3.84,3.99,4.06,3.93,3.54,3.28,3.09,2.71,2.33,2.02,-1.4,-1.16,0.01,0.2,-1.3,-1.25,-0.84,-0.97
Net-Net Working Capital,0.07,0.21,0.38,0.79,0.86,0.81,0.87,0.89,1.41,1.56,2.16,1.73,2.27,2.45,2.59,2.84,3.25,3.32,3.54,3.41,3.73,2.32,2.54,2.49,2.4,2.12,1.8,1.46,1.13,0.85,0.6,-2.75,-2.41,-1.52,-1.09,-2.6,-2.61,-2.76,-2.72
Intrinsic Value: Projected FCF,28.76,28.97,29.71,30.14,31.15,32.36,34.06,34.77,36.42,37.07,38.68,40.25,41.86,36.67,35.54,36.44,38.37,37.49,37.83,40.41,40.72,43.93,45.64,48.18,47.76,42.31,40.88,41.68,40.68,41.13,40.7,42.09,42.01,44.64,44.89,45.74,45.17,45.94,45.84
Median PS Value,27.09,26.2,25.38,26.43,26.84,28.25,29.97,30.79,31.98,32.86,33.59,34.15,34.63,34.98,34.34,34.63,36.18,37.11,38.37,39.9,39.93,41.72,44.06,45.15,45.95,45.67,44.63,43.69,43.42,45.88,46.94,48.32,49.93,49.7,51.16,52.98,54.88,57.24,59.66
Peter Lynch Fair Value,43.5,38.41,32.02,33.12,33.14,35.95,39.7,39.6,40.84,42.18,41.59,39.6,35.73,22,15.67,11.6,10.47,13.05,14.85,16.31,16.79,17.7,15.73,12.75,0,0,0,0,0,0,0,0,16.26,25.16,29.99,16.68,19.9,22.62,30.63
Graham Number,9.98,10.17,10.25,11.89,12.59,13.34,14.27,14.84,16.38,17.75,18.33,17.58,18.42,16.34,15.87,16.37,17.57,20.73,21.54,22.26,22.53,21.22,20.99,20.64,20.26,15.55,15.58,15.06,14.06,19.28,19.44,13.9,14.83,20.08,20.94,13.18,14.33,15.53,17.33
Earnings Power Value (EPV),20.38,20.69,21.46,22.17,23.23,23.23,24.49,25.45,27.05,28.26,29.7,30.42,31.25,28.54,29.12,29.81,30.95,31.1,31.74,32.04,33.27,33.62,34.39,34.05,34.63,36.86,36.83,36.09,35.72,36.19,36.23,33.04,33.44,39.21,40.3,37.47,37.01,38.05,38.67
Altman Z-Score,4.77,4.84,4.8,5.92,5.65,4.81,4.75,5.17,4.76,4.46,4.65,4.69,5.27,4.53,4.52,4.07,4.23,4.54,4.63,4.58,4.8,4.16,4.6,4.45,4.01,3.72,3.66,3.97,3.79,3.42,3.34,3.12,3.39,3.38,3.63,3.63,4.05,4.09,4.64
Piotroski F-Score,7,5,5,4,8,7,7,6,6,7,6,6,6,5,4,5,5,6,6,6,6,4,4,5,4,4,4,5,4,5,7,7,7,7,7,6,6,6,6
Beneish M-Score,-2.78,-2.87,-3.05,-2.76,-2.83,-2.67,-2.69,-2.63,-2.67,-2.58,-2.65,-2.63,-2.62,-2.78,-2.86,-2.86,-2.78,-2.65,-2.6,-2.54,-2.55,-2.57,-2.55,-2.69,-2.78,-2.85,-2.95,-3.01,-2.96,-2.85,-2.97,-2.75,-2.7,-2.45,-2.31,-2.82,-2.75,-2.91,-2.85
Scaled Net Operating Assets,0.207,0.201,0.135,0.174,0.147,0.18,0.156,0.185,0.165,0.163,0.128,0.226,0.188,0.129,0.117,0.151,0.127,0.131,0.119,0.17,0.141,0.171,0.143,0.176,0.152,0.107,0.095,0.107,0.087,0.067,0.042,0.146,0.123,0.182,0.146,0.1,0.094,0.103,0.102
Sloan Ratio %,7.2,14.51,11.71,12.73,11.81,6.97,10.39,12.72,12.96,9.91,7.6,9.33,12.31,8.36,11.72,9.43,6.29,11.82,10.39,8.97,6.13,4.88,6.29,7.86,8.36,3.47,1.86,-0.16,-1.26,5.77,10.66,15.43,16.36,13.09,8.52,-2.87,-6.9,-8.21,-9.38
Current Ratio,1.71,1.82,1.82,2.04,2.06,2.13,2.3,2.45,2.76,2.6,2.95,2.86,2.94,2.6,2.68,2.81,2.93,2.71,2.87,3.17,3.22,2.5,2.52,2.45,2.91,2.47,2.46,3,2.9,2.35,2.69,2.05,2.81,2.92,3.12,2.89,3.4,2.9,2.92
Quick Ratio,1.68,1.8,1.78,2.02,2.04,2.1,2.26,2.42,2.71,2.56,2.86,2.8,2.88,2.57,2.62,2.76,2.86,2.66,2.8,3.12,3.16,2.45,2.45,2.41,2.85,2.41,2.39,2.93,2.84,2.31,2.63,2.02,2.78,2.88,3.06,2.85,3.35,2.86,2.85
Interest Coverage,No Debt,104.92,117.95,224.03,136.13,160.27,158.13,113.4,N/A,N/A,76.63,84.15,67.09,66.51,55.87,74.01,69.83,50.61,53.68,59.03,39.85,39.11,43.38,49.5,N/A,N/A,23.27,19.5,15.54,29.23,15.37,15.17,11.04,12.2,11.47,12.43,12,15.44,14.77
Highest Stock Price,20.76,24.07,25.94,31.39,31.1,31.39,26.33,28.3,28.87,26.71,28.08,27.31,32.85,32.42,31.45,30.03,28.61,35.67,36.27,38.94,40.99,42.25,47.52,49.61,47.59,49.16,47.58,56.55,55.48,56.46,58.3,63.62,65.86,72.52,75.44,86.85,96.77,102.49,114.67
Lowest Stock Price,15.15,18.61,22.39,24.64,27.72,23.01,23.16,23.91,24.78,23.71,23.98,24.3,25.96,28.45,28.63,26.37,26.46,28.56,31.15,33.01,34.98,39.06,41.67,42.74,40.4,40.29,40.47,44.61,49.28,48.43,51.16,56.92,62.14,64.95,68.17,74.26,85.01,88.52,99.05
Shares Buyback Ratio %,-0.1,-0.09,0.09,1,0.56,1.07,1.22,1.86,-0.33,0.65,-0.41,0.33,-0.21,0.23,-0.49,0.57,0.3,0.25,-0.22,0.55,0.48,0.25,-0.19,0.45,1.28,1.06,0.51,0.76,0.69,0.79,0.31,0.69,0.09,0.19,-0.16,0.19,0.19,0.17,-0.04
YoY Rev. per Sh. Growth,0,-13.18,-12.32,13.94,6.59,24.08,29.55,9.55,18.12,12.02,9.82,5.97,6.11,4.33,-7.87,3,18.7,10.9,16.55,14.95,0.33,18.93,26.45,9.21,8.16,-2.5,-9.25,-7.34,-2.54,22.38,10.43,11.57,15.56,-1.71,13,13.74,15.82,17.9,19.04
YoY EPS Growth,-29.79,-26.09,-16.67,57.45,36.36,50,55,4.05,35.56,33.33,9.68,1.3,-1.64,-108.82,-22.06,-2.56,20,"1,083.33",16.98,2.63,-5.56,-6.78,-12.9,-8.97,-10.29,-169.09,12.96,-12.68,-22.95,326.32,18.03,29.03,48.94,19.77,16.67,-202.5,35.71,10.68,35.71
YoY EBITDA Growth,9.35,-43.36,-15.34,44.5,19.37,64.95,51.07,1.13,10.38,23.08,4.36,-1.11,12.58,-84.43,-22.05,-1.22,22.35,482.31,18.9,5.04,-3.65,18.57,1.01,3.98,0.6,-112.22,-0.33,-16.71,-12,"1,268.55",29.12,42.95,46.56,-3.17,24.02,17.62,18.85,27.01,23.64
5-Year EBITDA Growth Rate,26.76,23.71,20.79,18.3,17.17,17.12,17.11,16.85,16.27,15.74,15.18,14.4,13.04,11,8.47,6.34,5.37,5.02,5.52,6.02,6.29,6.73,6.17,5.14,4.6,2.33,0.67,-0.75,-2.24,-1.06,0.63,2.79,5.28,7.74,8.9,9.53,9.95,10.72,12.71
Shares Outstanding (Basic Average),"8,891.00","8,900.00","8,914.00","8,856.00","8,767.00","8,714.00","8,614.00","8,497.00","8,420.00","8,427.00","8,392.00","8,402.00","8,401.00","8,390.00","8,396.00","8,393.00","8,364.00","8,345.00","8,339.00","8,326.00","8,284.00","8,245.00","8,249.00","8,228.00","8,167.00","8,063.00","7,996.00","7,964.00","7,895.00","7,844.00","7,789.00","7,755.00","7,725.00","7,716.00","7,708.00","7,710.00","7,698.00","7,682.00","7,673.00"
Shares Outstanding (EOP),"8,899.72","8,908.00","8,900.00","8,811.00","8,762.00","8,668.00","8,562.00","8,403.00","8,431.00","8,376.00","8,410.00","8,382.00","8,400.00","8,381.00","8,422.00","8,374.00","8,349.00","8,328.00","8,346.00","8,300.00","8,260.00","8,239.00","8,255.00","8,218.00","8,113.00","8,027.00","7,986.00","7,925.00","7,870.00","7,808.00","7,784.00","7,730.00","7,723.00","7,708.00","7,720.00","7,705.00","7,690.00","7,677.00","7,680.00"
Beta,1.06,1.06,0.98,0.96,0.94,1.01,1.02,1.01,0.95,0.99,1,0.96,0.99,1.04,1.1,1.15,1.15,1.02,0.78,0.7,0.68,0.69,0.67,0.71,0.89,0.82,0.86,1.02,1.07,1.05,1.39,1.33,1.38,1.4,1.45,1.48,1.28,1.24,1.31
Filing Date,4/23/2009,7/30/2009,10/23/2009,1/28/2010,4/22/2010,7/30/2010,10/28/2010,1/27/2011,4/28/2011,7/28/2011,10/20/2011,1/19/2012,4/19/2012,7/26/2012,10/18/2012,1/24/2013,4/18/2013,7/30/2013,10/24/2013,1/23/2014,4/24/2014,7/31/2014,10/23/2014,1/26/2015,4/23/2015,7/31/2015,10/22/2015,1/28/2016,4/21/2016,7/28/2016,10/20/2016,1/26/2017,4/27/2017,8/2/2017,10/26/2017,1/31/2018,4/26/2018,8/3/2018,10/24/2018
Restated Filing Date,4/22/2010,7/28/2011,10/28/2010,1/27/2011,4/28/2011,7/26/2012,10/20/2011,1/19/2012,4/19/2012,7/30/2013,10/18/2012,1/24/2013,4/18/2013,7/31/2014,10/24/2013,1/23/2014,4/24/2014,7/31/2015,10/23/2014,1/26/2015,4/23/2015,7/28/2016,10/22/2015,1/28/2016,4/21/2016,8/2/2017,10/20/2016,1/26/2017,4/27/2017,8/3/2018,10/26/2017,1/31/2018,4/26/2018,8/3/2018,10/24/2018,1/31/2018,4/26/2018,8/3/2018,10/24/2018
Number of Shareholders,0,"142,468.00",0,0,0,"138,568.00",0,0,0,"134,854.00",0,0,0,"128,992.00",0,0,0,"119,862.00",0,0,0,"113,923.00",0,0,0,"109,479.00",0,0,0,"106,534.00",0,0,0,"101,825.00",0,0,0,"97,535.00",0
Number of Employees,0,"93,000.00",0,0,0,"89,000.00",0,0,0,"90,000.00",0,0,0,"94,000.00",0,0,0,"99,000.00",0,0,0,"128,000.00",0,0,0,"118,000.00",0,0,0,"114,000.00",0,0,0,"124,000.00",0,0,0,0,0
Insider Shares Owned,0,0,0,0,0,0,0,0,0,0,0,0,0,0,0,0,0,0,0,0,0,0,0,0,0,0,0,0,0,0,0,0,0,0,0,0,0,0,0
Institution Shares Held,0,0,0,0,0,0,0,0,0,0,0,0,0,0,0,0,0,0,0,0,0,0,0,0,0,0,0,0,0,0,0,0,0,0,0,0,0,0,0
Insider Ownership %,0,0,0,0,0,0,0,0,0,0,0,0,0,0,0,0,0,0,0,0,0,0,0,0,0,0,0,0,0,0,0,0,0,0,0,0,0,0,0
Institutional Ownership %,0,0,0,0,0,0,0,0,0,0,0,0,0,0,0,0,0,0,0,0,0,0,0,0,0,0,0,0,0,0,0,0,0,0,0,0,0,0,0
Price-to-Net-Current-Asset-Value,18.56,19.33,19.34,18.25,16.74,12.64,13.99,14.77,10.71,9.35,7.68,8.92,9.87,8.5,8.09,6.68,6.62,7.58,7.17,8.08,8.4,10.86,11.62,11.44,10.35,12.47,13.49,17.95,20.38,21.96,28.51,0,0,"6,893.00",369.35,0,0,0,0
Price-to-Net-Net-Working-Capital,262.43,113.19,67.68,38.58,34.06,28.41,28.15,31.36,18.01,16.67,11.52,15.01,14.21,12.49,11.49,9.4,8.8,10.41,9.4,10.97,10.99,17.97,18.25,18.65,16.94,20.83,24.59,38,48.88,60.2,96,0,0,0,0,0,0,0,0
Price-to-Graham-Number,1.84,2.34,2.51,2.56,2.33,1.72,1.72,1.88,1.55,1.46,1.36,1.48,1.75,1.87,1.88,1.63,1.63,1.67,1.55,1.68,1.82,1.97,2.21,2.25,2.01,2.84,2.84,3.68,3.93,2.65,2.96,4.47,4.44,3.43,3.53,6.49,6.37,6.35,6.6
Price-to-Intrinsic-Value-DCF (Earnings Based),0.62,0,0,0,0,0.59,0.57,0.64,0.55,0.41,0.39,0.4,0.5,0.67,0.71,0.64,0.65,0.69,0.65,0.72,0.8,0.94,1.07,1.11,1,2.53,2.43,3.23,3.55,1.81,1.95,1.97,1.94,1.96,2.02,4.51,4.21,4.37,4.43
Price-to-Intrinsic-Value-DCF (FCF Based),0.85,0,0,0,0,0.73,0.7,0.83,0.71,0.66,0.62,0.6,0.73,0.58,0.57,0.54,0.58,0.76,0.75,0.89,0.97,0.79,0.87,0.87,0.78,1.04,1.02,1.23,1.22,1.15,1.19,1.25,1.27,1.32,1.37,1.53,1.62,1.93,2.25
Price-to-Earnings-Power-Value,0.9,1.15,1.2,1.37,1.26,0.99,1,1.1,0.94,0.92,0.84,0.85,1.03,1.07,1.02,0.9,0.92,1.11,1.05,1.17,1.23,1.24,1.35,1.36,1.17,1.2,1.2,1.54,1.55,1.41,1.59,1.88,1.97,1.76,1.83,2.28,2.47,2.59,2.96
Price-to-Intrinsic-Value-Projected-FCF,0.64,0.82,0.87,1.01,0.94,0.71,0.72,0.8,0.7,0.7,0.64,0.64,0.77,0.83,0.84,0.73,0.75,0.92,0.88,0.93,1.01,0.95,1.02,0.96,0.85,1.04,1.08,1.33,1.36,1.24,1.42,1.48,1.57,1.54,1.65,1.87,2.02,2.15,2.49
Price-to-Peter-Lynch-Fair-Value,0.42,0.62,0.8,0.92,0.88,0.64,0.62,0.7,0.62,0.62,0.6,0.66,0.9,1.39,1.9,2.3,2.73,2.65,2.24,2.29,2.44,2.36,2.95,3.64,0,0,0,0,0,0,0,0,4.05,2.74,2.46,5.13,4.59,4.36,3.73
Price-to-Median-PB-Value,0.91,1.1,1.14,1.25,1.16,0.89,0.92,1,0.82,0.79,0.73,0.7,0.81,0.79,0.75,0.63,0.64,0.75,0.7,0.75,0.8,0.79,0.87,0.85,0.75,0.91,0.94,1.18,1.2,1.14,1.31,1.44,1.5,1.25,1.31,1.73,1.82,1.88,2.1
Price-to-Median-PS-Value,0.68,0.91,1.01,1.15,1.09,0.81,0.82,0.91,0.79,0.79,0.74,0.76,0.93,0.87,0.87,0.77,0.79,0.93,0.87,0.94,1.03,1,1.05,1.03,0.88,0.97,0.99,1.27,1.27,1.12,1.23,1.29,1.32,1.39,1.44,1.61,1.66,1.72,1.92
Price-to-Net-Cash,0,0,0,0,0,0,0,0,0,0,0,0,0,0,0,0,0,0,0,0,0,0,0,0,0,0,0,0,0,0,0,0,0,0,0,0,0,0,0
